{
  "Choose Flight" : {
    "transaction" : "Choose Flight",
    "sampleCount" : 200,
    "errorCount" : 0,
    "errorPct" : 0.0,
    "meanResTime" : 644.63,
    "medianResTime" : 443.0,
    "minResTime" : 266.0,
    "maxResTime" : 5246.0,
    "pct1ResTime" : 1182.9,
    "pct2ResTime" : 1835.0499999999995,
    "pct3ResTime" : 4113.710000000014,
    "throughput" : 1.6932793741639434,
    "receivedKBytesPerSec" : 11.103877927256718,
    "sentKBytesPerSec" : 0.47954201026127297
  },
  "Total" : {
    "transaction" : "Total",
    "sampleCount" : 800,
    "errorCount" : 0,
    "errorPct" : 0.0,
    "meanResTime" : 653.5737500000001,
    "medianResTime" : 477.0,
    "minResTime" : 251.0,
    "maxResTime" : 5246.0,
    "pct1ResTime" : 1182.8,
    "pct2ResTime" : 1750.8999999999999,
    "pct3ResTime" : 2729.6800000000003,
    "throughput" : 6.1459509706761315,
    "receivedKBytesPerSec" : 36.88924012038382,
    "sentKBytesPerSec" : 1.5604953636482364
  },
  "Complete Purchase" : {
    "transaction" : "Complete Purchase",
    "sampleCount" : 200,
    "errorCount" : 0,
    "errorPct" : 0.0,
    "meanResTime" : 653.3500000000006,
    "medianResTime" : 446.0,
    "minResTime" : 251.0,
    "maxResTime" : 5069.0,
    "pct1ResTime" : 1117.4,
    "pct2ResTime" : 1984.1499999999994,
    "pct3ResTime" : 3475.1600000000044,
    "throughput" : 1.6897315016643855,
    "receivedKBytesPerSec" : 9.537742265254051,
    "sentKBytesPerSec" : 0.6534508541592742
  },
  "Find Flights" : {
    "transaction" : "Find Flights",
    "sampleCount" : 200,
    "errorCount" : 0,
    "errorPct" : 0.0,
    "meanResTime" : 552.5450000000006,
    "medianResTime" : 441.5,
    "minResTime" : 255.0,
    "maxResTime" : 2315.0,
    "pct1ResTime" : 956.6000000000001,
    "pct2ResTime" : 1238.2999999999993,
    "pct3ResTime" : 2250.5300000000007,
    "throughput" : 1.6963960066838002,
    "receivedKBytesPerSec" : 12.148117106457331,
    "sentKBytesPerSec" : 0.39593617734123854
  },
  "Load Homepage " : {
    "transaction" : "Load Homepage ",
    "sampleCount" : 200,
    "errorCount" : 0,
    "errorPct" : 0.0,
    "meanResTime" : 763.7699999999998,
    "medianResTime" : 583.0,
    "minResTime" : 368.0,
    "maxResTime" : 3395.0,
    "pct1ResTime" : 1411.4,
    "pct2ResTime" : 1758.0,
    "pct3ResTime" : 2991.3600000000024,
    "throughput" : 1.675603217158177,
    "receivedKBytesPerSec" : 7.78406056258378,
    "sentKBytesPerSec" : 0.1881780956769437
  }
}